character	codepoint	file	evobc_id	evobc_file	candidates
一	U+4E00	U+4E00.png	00601	00601_Book_OBC_X_6_1.png	26
乙	U+4E59	U+4E59.png	00666	00666_Web_OBC_G_31517.png	65
亅	U+4E85	U+4E85.png	00678	00678_Web_OBC_G_OBC0.png	7
二	U+4E8C	U+4E8C.png	00683	00683_Book_OBC_X_6056_1.png	30
人	U+4EBA	U+4EBA.png	00716	00716_Web_OBC_H_60000_14.png	85
入	U+5165	U+5165.png	01086	01086_Web_OBC_G_65709293.png	75
八	U+516B	U+516B.png	01091	01091_Web_OBC_H_6158D_19.png	58
几	U+51E0	U+51E0.png	01158	01158_Book_OBC_X_6222_1.png	29
刀	U+5200	U+5200.png	01174	01174_Web_OBC_G_316422204𠂤.png	46
力	U+529B	U+529B.png	01262	01262_Web_OBC_G_OBC.png	47
勹	U+52F9	U+52F9.png	01317	01317_Web_OBC_H_600BA_15.png	31
匕	U+5315	U+5315.png	01335	01335_Web_OBC_H_60001_0.png	79
匚	U+531A	U+531A.png	01340	01340_Web_OBC_G_266732322.png	77
十	U+5341	U+5341.png	01362	01362_Book_OBC_X_1054_1.png	30
卜	U+535C	U+535C.png	01382	01382_Web_OBC_H_60C9B_3.png	78
卩	U+5369	U+5369.png	01392	01392_Web_OBC_G_1.3.27767.png	58
又	U+53C8	U+53C8.png	01449	01449_Web_OBC_G_.33.329803.png	108
口	U+53E3	U+53E3.png	01470	01470_Web_OBC_H_603A9_19.png	62
土	U+571F	U+571F.png	01788	01788_Web_OBC_G_61140353.png	113
夊	U+590A	U+590A.png	01989	01989_Web_OBC_G_2110().png	3
夕	U+5915	U+5915.png	01998	01998_Web_OBC_G_2.6.1616598.png	102
大	U+5927	U+5927.png	02008	02008_Book_OBC_X_4781_4.png	127
女	U+5973	U+5973.png	02060	02060_Book_OBC_X_5489_4.png	153
子	U+5B50	U+5B50.png	02324	02324_Web_OBC_G_2.719820𠂤.png	243
宀	U+5B80	U+5B80.png	02354	02354_Web_OBC_H_60B2E_1.png	39
小	U+5C0F	U+5C0F.png	02467	02467_Web_OBC_G_OBC1.png	82
尸	U+5C38	U+5C38.png	02487	02487_Web_OBC_G_55122603.png	31
屮	U+5C6E	U+5C6E.jpg	02522	02522_Web_OBC_Y_60737.jpg	39
山	U+5C71	U+5C71.png	02525	02525_Web_OBC_H_60641_12.png	75
川	U+5DDD	U+5DDD.png	02610	02610_Book_OBC_X_5158_4.png	55
工	U+5DE5	U+5DE5.png	02617	02617_Web_OBC_H_610F1_13.png	119
己	U+5DF1	U+5DF1.png	02624	02624_Web_OBC_H_6146F_9.png	47
巾	U+5DFE	U+5DFE.png	02633	02633_Book_OBC_X_3731_2.png	6
干	U+5E72	U+5E72.jpg	02693	02693_Web_OBC_Y_60D83.jpg	34
廾	U+5EFE	U+5EFE.png	02779	02779_Web_OBC_G_17695566.png	71
弋	U+5F0B	U+5F0B.png	02789	02789_Web_OBC_H_610C9_0.png	106
弓	U+5F13	U+5F13.png	02792	02792_Web_OBC_H_60EDE_12.png	57
彡	U+5F61	U+5F61.jpg	02841	02841_Web_OBC_Y_613FF.jpg	90
心	U+5FC3	U+5FC3.png	02895	02895_Web_OBC_H_60A96_5.png	42
戈	U+6208	U+6208.png	03198	03198_Web_OBC_G_OBC.png	54
戶	U+6236	U+6236.png	03228	03228_Web_OBC_H_60BFA_14.png	29
户	U+6237	U+6237.png	03229	03229_Web_OBC_G_OBC.png	11
攴	U+6534	U+6534.png	03556	03556_Web_OBC_G_19027742.png	3
文	U+6587	U+6587.png	03625	03625_Web_OBC_G_394036534.png	71
斗	U+6597	U+6597.png	03630	03630_Web_OBC_H_61317_12.png	38
斤	U+65A4	U+65A4.png	03640	03640_Web_OBC_H_60E52_6.png	28
方	U+65B9	U+65B9.png	03657	03657_Web_OBC_G_5.7.76566.png	116
旡	U+65E1	U+65E1.png	03681	03681_Web_OBC_H_615E7_7.png	33
日	U+65E5	U+65E5.png	03684	03684_Web_OBC_H_605C4_10.png	107
曰	U+66F0	U+66F0.png	03810	03810_Web_OBC_H_603AB_3.png	96
月	U+6708	U+6708.png	03828	03828_Web_OBC_G_65931062.png	104
木	U+6728	U+6728.jpg	03847	03847_Web_OBC_Y_6076C.jpg	65
欠	U+6B20	U+6B20.png	04336	04336_Web_OBC_H_601AB_1.png	44
止	U+6B62	U+6B62.png	04385	04385_Web_OBC_H_60400_14.png	76
歺	U+6B7A	U+6B7A.jpg	04400	04400_Web_OBC_Y_610B3.jpg	51
殳	U+6BB3	U+6BB3.png	04426	04426_Web_OBC_G_OBC.png	6
母	U+6BCD	U+6BCD.png	04444	04444_Web_OBC_H_6020C_22.png	117
比	U+6BD4	U+6BD4.png	04449	04449_Web_OBC_H_6006F_15.png	61
氏	U+6C0F	U+6C0F.png	04468	04468_Web_OBC_G_OBC1.png	5
气	U+6C14	U+6C14.png	04473	04473_Web_OBC_G_7.36.2().png	43
水	U+6C34	U+6C34.png	04477	04477_Web_OBC_G_92123532.png	89
火	U+706B	U+706B.png	05024	05024_Web_OBC_H_60642_3.png	66
父	U+7236	U+7236.png	05186	05186_Web_OBC_H_6049C_1.png	48
爻	U+723B	U+723B.png	05187	05187_Web_OBC_H_61331_13.png	48
爿	U+723F	U+723F.png	05190	05190_Web_OBC_H_611EF_13.png	34
片	U+7247	U+7247.png	05195	05195_Web_OBC_G_OBC1.png	4
牛	U+725B	U+725B.png	05203	05203_Web_OBC_G_29168974.png	96
犬	U+72AC	U+72AC.png	05246	05246_Web_OBC_G_7.1.215983.png	124
玉	U+7389	U+7389.jpg	05344	05344_Web_OBC_Y_61358.jpg	53
王	U+738B	U+738B.png	05345	05345_Web_OBC_H_61350_18.png	118
甘	U+7518	U+7518.png	05529	05529_Web_OBC_H_603AA_11.png	59
生	U+751F	U+751F.jpg	05533	05533_Web_OBC_Y_60739.jpg	80
用	U+7528	U+7528.png	05539	05539_Web_OBC_H_6140D_12.png	148
田	U+7530	U+7530.jpg	05543	05543_Web_OBC_Y_60C37.jpg	79
疋	U+758B	U+758B.png	05600	05600_Web_OBC_G_647.png	88
疒	U+7592	U+7592.png	05605	05605_Web_OBC_G_OBC1.png	7
白	U+767D	U+767D.png	05713	05713_Web_OBC_H_6055B_9.png	93
皮	U+76AE	U+76AE.png	05732	05732_Book_OBC_X_1548_1.png	2
皿	U+76BF	U+76BF.png	05737	05737_Web_OBC_H_60F07_3.png	62
目	U+76EE	U+76EE.png	05771	05771_Web_OBC_G_4.32.66194.png	73
矢	U+77E2	U+77E2.jpg	05878	05878_Web_OBC_Y_60E67.jpg	62
石	U+77F3	U+77F3.png	05889	05889_Web_OBC_H_60CA7_13.png	93
示	U+793A	U+793A.png	05965	05965_Web_OBC_H_60586_20.png	77
禾	U+79BE	U+79BE.png	06047	06047_Book_OBC_X_3425_3.png	95
立	U+7ACB	U+7ACB.png	06196	06196_Web_OBC_H_600FE_14.png	89
竹	U+7AF9	U+7AF9.png	06219	06219_Web_OBC_G_8.14.220333𠂤.png	51
米	U+7C73	U+7C73.png	06389	06389_Web_OBC_G_1.25.92131.png	48
糸	U+7CF8	U+7CF8.png	06437	06437_Web_OBC_H_612D2_14.png	49
缶	U+7F36	U+7F36.png	06782	06782_Web_OBC_H_603BB_18.png	81
网	U+7F51	U+7F51.png	06796	06796_Web_OBC_H_61067_5.png	52
羊	U+7F8A	U+7F8A.jpg	06836	06836_Web_OBC_Y_6086A.jpg	101
羽	U+7FBD	U+7FBD.png	06869	06869_Web_OBC_G_54212346.png	75
老	U+8001	U+8001.png	06909	06909_Web_OBC_G_OBC.png	76
而	U+800C	U+800C.png	06916	06916_Web_OBC_G_OBC0.png	4
耳	U+8033	U+8033.png	06928	06928_Web_OBC_H_60376_19.png	67
聿	U+807F	U+807F.jpg	06968	06968_Web_OBC_Y_6121F.jpg	43
肉	U+8089	U+8089.png	06976	06976_Web_OBC_H_61394_12.png	35
臣	U+81E3	U+81E3.png	07158	07158_Web_OBC_G_1.15567.png	113
自	U+81EA	U+81EA.png	07165	07165_Web_OBC_G_2.7.79446.png	159
至	U+81F3	U+81F3.jpg	07171	07171_Web_OBC_Y_60E70.jpg	91
舌	U+820C	U+820C.png	07191	07191_Web_OBC_H_603AD_9.png	78
舟	U+821F	U+821F.png	07199	07199_Web_OBC_G_ 3 .39.3 32834 .png	64
色	U+8272	U+8272.jpg	07217	07217_Book_OBC_L_3348.jpg	7
艸	U+8278	U+8278.png	07221	07221_Book_OBC_X_208_1.png	30
虍	U+864D	U+864D.png	07690	07690_Web_OBC_H_60915_13.png	56
虫	U+866B	U+866B.png	07717	07717_Web_OBC_H_60A00_12.png	58
血	U+8840	U+8840.png	07895	07895_Book_OBC_X_2521_1.png	83
行	U+884C	U+884C.png	07902	07902_Web_OBC_H_60CDC_12.png	80
衣	U+8863	U+8863.png	07917	07917_Web_OBC_G_ 85 22655 .png	65
西	U+897F	U+897F.png	08049	08049_Web_OBC_G_ 5.13.2 34340 .png	130
見	U+898B	U+898B.png	08055	08055_Book_OBC_X_4125_1.png	100
角	U+89D2	U+89D2.png	08093	08093_Web_OBC_G_ 1244 5495 .png	69
言	U+8A00	U+8A00.png	08121	08121_Web_OBC_H_603B0_9.png	74
谷	U+8C37	U+8C37.png	08467	08467_Web_OBC_H_613DA_12.png	32
豆	U+8C46	U+8C46.png	08476	08476_Web_OBC_H_61017_0.png	34
豕	U+8C55	U+8C55.png	08484	08484_Web_OBC_G_ 1.7.16.png	115
豸	U+8C78	U+8C78.png	08509	08509_Web_OBC_H_6131D_11.png	29
貝	U+8C9D	U+8C9D.jpg	08533	08533_Book_OBC_L_696.jpg	52
赤	U+8D64	U+8D64.png	08652	08652_Web_OBC_H_60655_9.png	50
走	U+8D70	U+8D70.png	08661	08661_Web_OBC_H_60154_20.png	33
足	U+8DB3	U+8DB3.png	08698	08698_Web_OBC_G_ 138.2( ).png	13
身	U+8EAB	U+8EAB.png	08787	08787_Web_OBC_H_6000F_4.png	79
車	U+8ECA	U+8ECA.png	08792	08792_Web_OBC_G_ 114.1 11448.png	119
辛	U+8F9B	U+8F9B.png	08906	08906_Book_OBC_X_6516_2.png	100
辰	U+8FB0	U+8FB0.png	08924	08924_Web_OBC_H_614A1_15.png	142
辵	U+8FB5	U+8FB5.png	08927	08927_Web_OBC_G_ 2.14.18( ).png	3
邑	U+9091	U+9091.png	09084	09084_Book_OBC_X_3163_2.png	139
酉	U+9149	U+9149.png	09235	09235_Web_OBC_H_60F71_2.png	172
釆	U+91C6	U+91C6.png	09295	09295_Web_OBC_H_60A4E_9.png	28
金	U+91D1	U+91D1.png	09304	09304_Book_OBC_X_6211_1.png	8
長	U+9577	U+9577.png	09607	09607_Web_OBC_H_60034_20.png	50
镸	U+9578	U+9578.png	09608	09608_Web_OBC_H_6002E_22.png	26
門	U+9580	U+9580.jpg	09612	09612_Web_OBC_Y_60C08.jpg	65
阜	U+961C	U+961C.png	09688	09688_Web_OBC_G_ 3.1 10405 .png	53
隹	U+96B9	U+96B9.png	09794	09794_Book_OBC_X_1879_2.png	128
雨	U+96E8	U+96E8.png	09834	09834_Web_OBC_G_戩18.4合12023.png	132
非	U+975E	U+975E.png	09886	09886_Web_OBC_H_60504_18.png	126
面	U+9762	U+9762.png	09889	09889_Web_OBC_H_60315_22.png	60
革	U+9769	U+9769.png	09892	09892_Book_OBC_X_1229_1.png	8
韋	U+97CB	U+97CB.png	09938	09938_Web_OBC_H_60424_3.png	84
音	U+97F3	U+97F3.jpg	09961	09961_Book_OBC_L_6772.jpg	2
頁	U+9801	U+9801.png	09968	09968_Web_OBC_H_60554_10.png	47
風	U+98A8	U+98A8.png	10065	10065_Web_OBC_H_6094C_3.png	133
食	U+98DF	U+98DF.png	10081	10081_Web_OBC_G_甲1289合11485賓 .png	83
首	U+9996	U+9996.png	10153	10153_Web_OBC_H_60543_13.png	95
香	U+9999	U+9999.jpg	10156	10156_Web_OBC_Y_60818.jpg	39
馬	U+99AC	U+99AC.png	10159	10159_Web_OBC_G_佚980合584賓 .png	149
高	U+9AD8	U+9AD8.png	10308	10308_Web_OBC_G_乙1906反合376反賓 .png	120
髟	U+9ADF	U+9ADF.png	10310	10310_Book_OBC_X_4203_1.png	24
鬥	U+9B25	U+9B25.png	10337	10337_Web_OBC_H_60083_13.png	62
鬯	U+9B2F	U+9B2F.png	10343	10343_Book_OBC_X_2585_4.png	113
鬲	U+9B32	U+9B32.png	10346	10346_Web_OBC_H_60FC5_12.png	37
鬼	U+9B3C	U+9B3C.png	10354	10354_Web_OBC_H_60C73_2.png	173
魚	U+9B5A	U+9B5A.jpg	10367	10367_Web_OBC_Y_609CF.jpg	75
鳥	U+9CE5	U+9CE5.png	10468	10468_Web_OBC_G_後2.18.7合3028賓 .png	118
鹵	U+9E75	U+9E75.png	10593	10593_Web_OBC_H_60573_6.png	41
鹿	U+9E7F	U+9E7F.png	10598	10598_Web_OBC_G_戩42.1合28343無名 .png	100
麥	U+9EA5	U+9EA5.jpg	10621	10621_Web_OBC_Y_6081E.jpg	92
黄	U+9EC4	U+9EC4.png	10635	10635_Web_OBC_G_OBC.png	9
黍	U+9ECD	U+9ECD.png	10638	10638_Web_OBC_G_前4.40.2合9943.png	165
黑	U+9ED1	U+9ED1.jpg	10641	10641_Web_OBC_Y_6012D.jpg	44
黹	U+9EF9	U+9EF9.png	10668	10668_Web_OBC_H_613BD_12.png	95
黽	U+9EFD	U+9EFD.png	10672	10672_Web_OBC_G_OBC0.png	23
鼎	U+9F0E	U+9F0E.png	10683	10683_Web_OBC_H_60FA2_15.png	100
鼓	U+9F13	U+9F13.png	10687	10687_Web_OBC_H_61026_12.png	89
鼠	U+9F20	U+9F20.png	10694	10694_Web_OBC_H_608F8_18.png	44
鼻	U+9F3B	U+9F3B.png	10704	10704_Web_OBC_H_6039A_12.png	32
齊	U+9F4A	U+9F4A.png	10710	10710_Web_OBC_G_OBC0.png	45
齒	U+9F52	U+9F52.jpg	10717	10717_Web_OBC_Y_60C80.jpg	93
龍	U+9F8D	U+9F8D.png	10745	10745_Web_OBC_G_戩43.1合7073賓 .png	97
龜	U+9F9C	U+9F9C.png	10754	10754_Web_OBC_H_60A38_14.png	99
龠	U+9FA0	U+9FA0.png	10758	10758_Web_OBC_G_明1241合25760出 .png	108
